mcc,precision,recall,top1,top2
0.524776112570638,0.4492753623188406,0.8611111111111112,0.7142857142857143,0.7857142857142857
0.48513482866718505,0.3424657534246575,0.8928571428571429,0.5,0.9285714285714286
0.5282363038684658,0.4266666666666667,0.8421052631578947,0.7142857142857143,0.7857142857142857
0.5344648108381045,0.4418604651162791,0.8444444444444444,0.6153846153846154,0.8461538461538461
0.5299665932447998,0.45454545454545453,0.9090909090909091,0.7692307692307693,0.8461538461538461
