mcc,precision,recall
0.4060276528291973,0.3684210526315789,0.7777777777777778
0.3678380207662736,0.25842696629213485,0.8214285714285714
0.4876161155059935,0.4716981132075472,0.6578947368421053
0.5012569781508606,0.4157303370786517,0.8222222222222222
0.4236592728681617,0.40625,0.7878787878787878
