mcc,precision,recall
0.4954776371696483,0.39759036144578314,0.9166666666666666
0.2917452294276788,0.21649484536082475,0.75
0.2896374789164165,0.24770642201834864,0.7105263157894737
0.4608975770323562,0.3577981651376147,0.8666666666666667
0.4735954134036387,0.38095238095238093,0.9696969696969697
