mcc,precision,recall
0.3659625273556999,0.31,0.8611111111111112
0.34375874850053373,0.22321428571428573,0.8928571428571429
0.38751770975923033,0.34210526315789475,0.6842105263157895
0.499353329508302,0.4235294117647059,0.8
0.4166216191864911,0.4,0.7878787878787878
