mcc,precision,recall,top1,top2
0.48509702910970337,0.38823529411764707,0.9166666666666666,0.7142857142857143,0.9285714285714286
0.555329585896683,0.4166666666666667,0.8928571428571429,0.7142857142857143,0.9285714285714286
0.5059773766996987,0.45161290322580644,0.7368421052631579,0.7857142857142857,0.8571428571428571
0.5449818300601104,0.4431818181818182,0.8666666666666667,0.6923076923076923,0.7692307692307693
0.501100248205618,0.48148148148148145,0.7878787878787878,0.7692307692307693,0.8461538461538461
