mcc,precision,recall
0.43508702610870303,0.36470588235294116,0.8611111111111112
0.6556396016489425,0.52,0.9285714285714286
0.6229170707658369,0.5918367346938775,0.7631578947368421
0.5956958604576361,0.5135135135135135,0.8444444444444444
0.5366350789663382,0.52,0.7878787878787878
