mcc,precision,recall
0.524776112570638,0.4492753623188406,0.8611111111111112
0.48513482866718505,0.3424657534246575,0.8928571428571429
0.5282363038684658,0.4266666666666667,0.8421052631578947
0.5344648108381045,0.4418604651162791,0.8444444444444444
0.5299665932447998,0.45454545454545453,0.9090909090909091
