mcc,precision,recall
0.4773105319357331,0.4025974025974026,0.8611111111111112
0.5760692769213686,0.4090909090909091,0.9642857142857143
0.41047832620700186,0.36619718309859156,0.6842105263157895
0.5012569781508606,0.4157303370786517,0.8222222222222222
0.5326656181713262,0.5,0.8181818181818182
