mcc,precision,recall,top1,top2
0.4972493341555369,0.41025641025641024,0.8888888888888888,0.7142857142857143,0.8571428571428571
0.5777460040148975,0.4262295081967213,0.9285714285714286,0.6428571428571429,0.9285714285714286
0.5072604104178627,0.39285714285714285,0.868421052631579,0.7142857142857143,0.7857142857142857
0.4952485635576163,0.4,0.8444444444444444,0.6153846153846154,0.8461538461538461
0.47694692151213686,0.4307692307692308,0.8484848484848485,0.8461538461538461,0.8461538461538461
