mcc,precision,recall,top1,top2
0.3968596666298995,0.3333333333333333,0.8611111111111112,0.7857142857142857,0.8571428571428571
0.5656222450326469,0.4126984126984127,0.9285714285714286,0.7142857142857143,0.8571428571428571
0.47762005290142734,0.417910447761194,0.7368421052631579,0.7857142857142857,0.8571428571428571
0.5787824347315773,0.48148148148148145,0.8666666666666667,0.6153846153846154,0.6923076923076923
0.49268278540440974,0.4727272727272727,0.7878787878787878,0.8461538461538461,0.9230769230769231
