mcc,precision,recall,top1,top2
0.5171162266566875,0.4177215189873418,0.9166666666666666,0.7857142857142857,0.9285714285714286
0.5374411739595846,0.38235294117647056,0.9285714285714286,0.7142857142857143,1.0
0.5670371446132005,0.4583333333333333,0.868421052631579,0.7142857142857143,0.8571428571428571
0.5944420447258212,0.5,0.8666666666666667,0.6923076923076923,0.7692307692307693
0.47694692151213686,0.4307692307692308,0.8484848484848485,0.8461538461538461,0.8461538461538461
