mcc,precision,recall
0.4972493341555369,0.41025641025641024,0.8888888888888888
0.4583922872423199,0.3287671232876712,0.8571428571428571
0.4638221663892656,0.379746835443038,0.7894736842105263
0.5789234208293389,0.47058823529411764,0.8888888888888888
0.4858192401084479,0.4264705882352941,0.8787878787878788
