Subdirectory,Data,Model,Dimension of Hidden Layers,Heads,Training Epochs,Learning Rate,Weight Decay,Optimal Threshold,MCC,Top1 Accuracy,Top2 Accuracy,Top3 Accuracy,Jaccard Score,Precision,Recall,ROC AUC Score
1668696543,metaQSAR.sdf,GAT,32,2,600,0.0001,0.0001,0.07,0.36,0.58,0.74,0.79,0.24,0.25,0.79,0.85
1668699516,metaQSAR.sdf,GAT,16,2,600,0.0001,0.0001,0.07625524,0.302464032503167,0.530973451327434,0.703539823008849,0.783185840707965,0.198396793587174,0.207438449449974,0.819875776397515,0.827921252406378
1668701783,metaQSAR.sdf,GIN,16,0,600,0.0001,0.0001,0.101797745,0.34982798193168263,0.5353982300884956,0.7079646017699115,0.7787610619469026,0.23800259403372243,0.2573632538569425,0.7598343685300207,0.8412702736828268
