mcc,precision,recall,top1,top2
0.5299052866328596,0.4069767441860465,0.9722222222222222,0.5714285714285714,0.6428571428571429
0.2892771700720438,0.18796992481203006,0.8928571428571429,0.21428571428571427,0.5714285714285714
0.2806890632813234,0.24107142857142858,0.7105263157894737,0.7857142857142857,0.7857142857142857
0.40885971624626277,0.312,0.8666666666666667,0.5384615384615384,0.6923076923076923
0.40965669374811137,0.35294117647058826,0.9090909090909091,0.7692307692307693,0.7692307692307693
