mcc,precision,recall
0.5299052866328596,0.4069767441860465,0.9722222222222222
0.2892771700720438,0.18796992481203006,0.8928571428571429
0.2806890632813234,0.24107142857142858,0.7105263157894737
0.40885971624626277,0.312,0.8666666666666667
0.40965669374811137,0.35294117647058826,0.9090909090909091
