mcc,precision,recall
0.3860440160957241,0.3333333333333333,0.8333333333333334
0.6036837420441569,0.45614035087719296,0.9285714285714286
0.5234776314834659,0.5208333333333334,0.6578947368421053
0.5550593229549096,0.5,0.7777777777777778
0.4684120534193988,0.4482758620689655,0.7878787878787878
