mcc,precision,recall
0.46631895488294617,0.3924050632911392,0.8611111111111112
0.6036837420441569,0.45614035087719296,0.9285714285714286
0.432732732444094,0.3684210526315789,0.7368421052631579
0.5636028248052879,0.475,0.8444444444444444
0.5096949483905087,0.49056603773584906,0.7878787878787878
