mcc,precision,recall,top1,top2
0.5115908171611493,0.4125,0.9166666666666666,0.7857142857142857,0.8571428571428571
0.5428523945467367,0.3880597014925373,0.9285714285714286,0.5714285714285714,0.9285714285714286
0.5406791227401097,0.42857142857142855,0.868421052631579,0.7142857142857143,0.7857142857142857
0.5208451766958341,0.42696629213483145,0.8444444444444444,0.6153846153846154,0.7692307692307693
0.5115256585187906,0.4246575342465753,0.9393939393939394,0.7692307692307693,0.8461538461538461
