mcc,precision,recall,top1,top2
0.534192947282858,0.4342105263157895,0.9166666666666666,0.7142857142857143,0.9285714285714286
0.5386199115169154,0.3698630136986301,0.9642857142857143,0.5,0.9285714285714286
0.5031165638971941,0.4225352112676056,0.7894736842105263,0.7142857142857143,0.8571428571428571
0.5449818300601104,0.4431818181818182,0.8666666666666667,0.6923076923076923,0.7692307692307693
0.4454610945372776,0.4262295081967213,0.7878787878787878,0.6923076923076923,0.7692307692307693
