mcc,precision,recall,top1,top2
0.48027542932928524,0.4166666666666667,0.8333333333333334,0.7142857142857143,0.8571428571428571
0.4948216522534099,0.352112676056338,0.8928571428571429,0.6428571428571429,0.9285714285714286
0.5164367647575883,0.4024390243902439,0.868421052631579,0.7142857142857143,0.7857142857142857
0.5186182159617336,0.4148936170212766,0.8666666666666667,0.6923076923076923,0.8461538461538461
0.5299665932447998,0.45454545454545453,0.9090909090909091,0.7692307692307693,0.8461538461538461
