mcc,precision,recall
0.48027542932928524,0.4166666666666667,0.8333333333333334
0.4948216522534099,0.352112676056338,0.8928571428571429
0.5164367647575883,0.4024390243902439,0.868421052631579
0.5186182159617336,0.4148936170212766,0.8666666666666667
0.5299665932447998,0.45454545454545453,0.9090909090909091
