mcc,precision,recall
0.39207251336598464,0.34297520661157027,0.6916666666666667
0.3550182956817905,0.25316455696202533,0.8247422680412371
0.40384553512415355,0.29818181818181816,0.7961165048543689
0.3421154163370107,0.23225806451612904,0.8181818181818182
0.36492381429386483,0.25,0.8051948051948052
