mcc,precision,recall
0.383341343178323,0.3281853281853282,0.7083333333333334
0.36981259002045536,0.25696594427244585,0.8556701030927835
0.40729945953485563,0.30451127819548873,0.7864077669902912
0.31496462363315253,0.21450151057401812,0.8068181818181818
0.3193270137597115,0.21978021978021978,0.7792207792207793
