mcc,precision,recall,top1,top2
0.4886272748799578,0.41333333333333333,0.8611111111111112,0.7142857142857143,0.8571428571428571
0.5679236637996934,0.43103448275862066,0.8928571428571429,0.8571428571428571,1.0
0.5157185150018564,0.4246575342465753,0.8157894736842105,0.7142857142857143,0.8571428571428571
0.5939062394199088,0.47674418604651164,0.9111111111111111,0.6923076923076923,0.8461538461538461
0.49268278540440974,0.4727272727272727,0.7878787878787878,0.8461538461538461,1.0
